Workbook

Sheet Audience Stats
A1: Comedy Comps - Audience Stats (own accounts only)
A2: Pulled 2026-07-19 (Sagalow/Cannon 2026-07-18). approx = search-snippet figure; YouTube numbers are exact API values. Blank = no account / not findable. Ticket pricing column = as you provided it (Payomet series).
A4: Act | B4: Ticket pricing (your notes) | C4: Instagram | D4: TikTok followers | E4: TikTok likes | F4: X / Twitter | G4: Facebook | H4: YouTube subs | I4: YouTube total views | J4: Threads | K4: TOTAL following | L4: Notes
A5: Brendan Sagalow | B5: (your show) | C5: 146700 | D5: 44800 | E5: 1900000 | F5: 11500 | G5: 51000 | H5: 16268 | I5: 3134912 | K5: =SUM(C5:D5)+SUM(F5:H5)+J5 -> 270268 | L5: IG/TikTok/X/FB approx; YT exact. Handles: @brendansagalow / @BrendanSagalow
A6: Mike Cannon | B6: (your show) | C6: 83400 | D6: 174000 | E6: 4200000 | F6: 15400 | G6: 67407 | H6: 16100 | I6: 2791151 | J6: 12900 | K6: =SUM(C6:D6)+SUM(F6:H6)+J6 -> 369207 | L6: IG/X solid; TikTok/FB/Threads approx; YT exact. @iammikecannon / @IamMikeCannon / @MikeCannonComedy
A7: YOUR DOUBLE (Sagalow + Cannon) | B7: (your show) | C7: =C5+C6 -> 230100 | D7: =D5+D6 -> 218800 | E7: =E5+E6 -> 6100000 | F7: =F5+F6 -> 26900 | G7: =G5+G6 -> 118407 | H7: =H5+H6 -> 32368 | I7: =I5+I6 -> 5926063 | J7: =J5+J6 -> 12900 | K7: =SUM(C7:D7)+SUM(F7:H7)+J7 -> 639475 | L7: Sum of the two rows above. Also: 29.8M documented YT views of content featuring them incl. guest appearances (sponsor workbook) - not comparable to own-channel views below.
A8: Robby Hoffman | B8: $50-$100 tiered (members $45-$100); Meet & Greet add-on | C8: 478700 | D8: 577200 | G8: 1300 | H8: 2510 | I8: 39168 | K8: =SUM(C8:D8)+SUM(F8:H8)+J8 -> 1059710 | L8: IG solid (imginn); TikTok approx; X dormant/no count; FB inactive. + Too Far Pod YT 4.1K subs. @robbyhoffman
A9: Matteo Lane | B9: $53-$94.50 tiered (members $49-$87.50) | C9: 1970000 | D9: 1900000 | E9: 31100000 | G9: 950000 | H9: 1203614 | I9: 543448206 | K9: =SUM(C9:D9)+SUM(F9:H9)+J9 -> 6023614 | L9: IG solid; TikTok/FB approx; X protected (no public). YT exact - 543M views. @matteolane
A10: Fortune Feimster | B10: tiers in checkout only; series $39-$94.50; tour ~$55-$95 (your inference) | C10: 1200000 | D10: 524300 | E10: 6700000 | F10: 37 | G10: 1018419 | H10: 70420 | I10: 14334930 | K10: =SUM(C10:D10)+SUM(F10:H10)+J10 -> 2813176 | L10: IG solid; TikTok/FB approx; X = NEW Mar 2026 account (old ~226K deleted). @fortunefeimster
A11: Bob the Drag Queen | B11: $45.75-$94.50 tiered (members $41.75-$85.50); $157 Platinum M&G | C11: 2200000 | D11: 3300000 | E11: 139300000 | F11: 609500 | G11: 673041 | H11: 754348 | I11: 91964756 | K11: =SUM(C11:D11)+SUM(F11:H11)+J11 -> 7536889 | L11: IG/X solid; TikTok/FB approx; YT exact. + Sibling Rivalry pod YT 259K subs/69M views (excluded from total). @bobthedragqueen / @thatonequeen
A12: Alyssa Edwards | B12: was $75-$150 tiered (Provincetown Independent) | C12: 2000000 | D12: 99100 | E12: 214300 | F12: 485500 | G12: 537600 | H12: 38000 | I12: 1327588 | J12: 324400 | K12: =SUM(C12:D12)+SUM(F12:H12)+J12 -> 3484600 | L12: IG/X solid; TikTok/FB/Threads approx. @alyssaedwards_1 / TikTok @thealyssaedwards
A13: Bianca Del Rio | B13: tiers unpublished; same-series comedy $75-$150 (your inference) | C13: 2500000 | D13: 46900 | E13: 0 | F13: 717900 | G13: 835600 | H13: 30600 | I13: 900468 | J13: 508700 | K13: =SUM(C13:D13)+SUM(F13:H13)+J13 -> 4639700 | L13: IG/X solid; TikTok is a placeholder account (no videos); YT catalog pruned (19 videos). @thebiancadelrio / @TheBiancaDelRio
A14: Joy Behar | B14: benefit bill w/ Judy Gold; price unpublished; series precedent $75-$150 (your inference) | C14: 157500 | F14: 925400 | G14: 124900 | K14: =SUM(C14:D14)+SUM(F14:H14)+J14 -> 1207800 | L14: IG/X solid; no TikTok/YT/Threads found - her reach is The View (TV), not socials. @joyvbehar / @JoyVBehar
A15: Judy Gold | B15: (same bill as Behar) | C15: 105800 | D15: 57300 | E15: 869900 | F15: 55700 | G15: 30800 | H15: 844 | I15: 400922 | J15: 47500 | K15: =SUM(C15:D15)+SUM(F15:H15)+J15 -> 297944 | L15: IG/X solid; others approx. Video pod It's Judy's Show on her YT. @jewdygold
A16: BEHAR + GOLD (the bill) | B16: benefit for Sandy Hook Promise | C16: =C14+C15 -> 263300 | D16: =D14+D15 -> 57300 | E16: =E14+E15 -> 869900 | F16: =F14+F15 -> 981100 | G16: =G14+G15 -> 155700 | H16: =H14+H15 -> 844 | I16: =I14+I15 -> 400922 | J16: =J14+J15 -> 47500 | K16: =SUM(C16:D16)+SUM(F16:H16)+J16 -> 1505744 | L16: Sum of the two rows above.
A17: Jason Choi | B17: (not on the price-comp list) | C17: 23400 | D17: 8801 | G17: 259 | H17: 8380 | I17: 4678113 | K17: =SUM(C17:D17)+SUM(F17:H17)+J17 -> 40840 | L17: IG solid (imginn); TikTok approx (likes n/f); no X or Threads found; FB negligible. YT exact: 4.68M views from just 33 videos (viral Don't Tell Comedy sets). Boston Comedy Festival finalist; has opened for Mike Cannon, Ronny Chieng, Gary Gulman. @jasonrchoi / TikTok @chasinjoycomedy / YT @jasonchoicomedy
A19: VALUE SIGNALS BEYOND REACH (added 2026-07-23)
A20: MONETIZATION / CONVERSION | B20: 2026-07-23: Sagalow's live set sold as a paid livestream on Mint Comedy (mintcomedy.com) with personal promo code 'sagalow'. $2/show is Mint's STANDARD pay-per-view price (membership $5.99/mo) - the code is attribution, not a discount. Signal: his fanbase transacts on his say-so through a tracked personal code. Conversion-to-dollars evidence that complements the follower/view columns: the audience doesn't just watch, it pays. Dated, verifiable proof point for sponsor/deal materials.
A21: VENUE PEDIGREE | B21: Same stream: Mint broadcasts live from NYC's Comedy Cellar every Thursday - so the 2026-07-23 9:30pm set puts Sagalow on a Comedy Cellar lineup. Upgrades his venue profile (previously logged as New York Comedy Club-centric; the Cellar was Cannon's column).

Sheet Comparison vs Your Double
A1: Each act vs Sagalow, vs Cannon, vs the two-man double bill
A2: Basis: TOTAL following (own accounts, col K of Audience Stats). View ratio uses own-channel YouTube views only - your double also has 29.8M documented views incl. guest appearances, which this basis excludes, so view ratios understate you. Venue: Tilden Auditorium (649 seats per you; venue materials say 589). No pricing math here, per your note.
A4: Act | B4: Total following | C4: x Sagalow | D4: x Cannon | E4: x YOUR DOUBLE | F4: YT own-channel views | G4: x S+C own-channel views | H4: Read (number-anchored)
A5: Robby Hoffman | B5: ='Audience Stats'!K8 -> 1059710 | C5: =B5/'Audience Stats'!$K$5 -> 3.9209599 | D5: =B5/'Audience Stats'!$K$6 -> 2.8702327 | E5: =B5/'Audience Stats'!$K$7 -> 1.6571563 | F5: ='Audience Stats'!I8 -> 39168 | G5: =IF(F5>0,F5/('Audience Stats'!$I$5+'Audience Stats'!$I$6),"") -> 0.0066094471 | H5: Closest comp of the set: under 2x your double's following; IG/TikTok act, negligible YouTube and Facebook.
A6: Matteo Lane | B6: ='Audience Stats'!K9 -> 6023614 | C6: =B6/'Audience Stats'!$K$5 -> 22.287559 | D6: =B6/'Audience Stats'!$K$6 -> 16.315005 | E6: =B6/'Audience Stats'!$K$7 -> 9.4196239 | F6: ='Audience Stats'!I9 -> 543448206 | G6: =IF(F6>0,F6/('Audience Stats'!$I$5+'Audience Stats'!$I$6),"") -> 91.704764 | H6: Different tier: 1.2M YT subs and 543M own-channel views - a national theater headliner.
A7: Fortune Feimster | B7: ='Audience Stats'!K10 -> 2813176 | C7: =B7/'Audience Stats'!$K$5 -> 10.408839 | D7: =B7/'Audience Stats'!$K$6 -> 7.6195088 | E7: =B7/'Audience Stats'!$K$7 -> 4.3991962 | F7: ='Audience Stats'!I10 -> 14334930 | G7: =IF(F7>0,F7/('Audience Stats'!$I$5+'Audience Stats'!$I$6),"") -> 2.4189635 | H7: Netflix/network-TV name whose recognition exceeds her socials; 1M+ Facebook skews older; X rebooted to zero.
A8: Bob the Drag Queen | B8: ='Audience Stats'!K11 -> 7536889 | C8: =B8/'Audience Stats'!$K$5 -> 27.886724 | D8: =B8/'Audience Stats'!$K$6 -> 20.413722 | E8: =B8/'Audience Stats'!$K$7 -> 11.786057 | F8: ='Audience Stats'!I11 -> 91964756 | G8: =IF(F8>0,F8/('Audience Stats'!$I$5+'Audience Stats'!$I$6),"") -> 15.518694 | H8: Largest of the set on following; TikTok 3.3M followers / 139M likes; strong on every platform.
A9: Alyssa Edwards | B9: ='Audience Stats'!K12 -> 3484600 | C9: =B9/'Audience Stats'!$K$5 -> 12.893128 | D9: =B9/'Audience Stats'!$K$6 -> 9.4380659 | E9: =B9/'Audience Stats'!$K$7 -> 5.4491575 | F9: ='Audience Stats'!I12 -> 1327588 | G9: =IF(F9>0,F9/('Audience Stats'!$I$5+'Audience Stats'!$I$6),"") -> 0.22402529 | H9: IG-centric drag fandom (2.0M); minimal TikTok/YouTube presence.
A10: Bianca Del Rio | B10: ='Audience Stats'!K13 -> 4639700 | C10: =B10/'Audience Stats'!$K$5 -> 17.167034 | D10: =B10/'Audience Stats'!$K$6 -> 12.566663 | E10: =B10/'Audience Stats'!$K$7 -> 7.255483 | F10: ='Audience Stats'!I13 -> 900468 | G10: =IF(F10>0,F10/('Audience Stats'!$I$5+'Audience Stats'!$I$6),"") -> 0.15195046 | H10: Top touring drag comic: IG 2.5M, X 718K; TikTok effectively unused; small owned YouTube.
A11: Joy Behar (solo) | B11: ='Audience Stats'!K14 -> 1207800 | C11: =B11/'Audience Stats'!$K$5 -> 4.4688975 | D11: =B11/'Audience Stats'!$K$6 -> 3.2713356 | E11: =B11/'Audience Stats'!$K$7 -> 1.8887369 | F11: ='Audience Stats'!I14 -> 0 | G11: =IF(F11>0,F11/('Audience Stats'!$I$5+'Audience Stats'!$I$6),"") | H11: Socials understate her: The View reaches millions on TV daily; X 925K is her biggest owned number.
A12: Judy Gold (solo) | B12: ='Audience Stats'!K15 -> 297944 | C12: =B12/'Audience Stats'!$K$5 -> 1.1024021 | D12: =B12/'Audience Stats'!$K$6 -> 0.80698362 | E12: =B12/'Audience Stats'!$K$7 -> 0.4659197 | F12: ='Audience Stats'!I15 -> 400922 | G12: =IF(F12>0,F12/('Audience Stats'!$I$5+'Audience Stats'!$I$6),"") -> 0.067654023 | H12: Below your double's following; the bill relies on Behar's TV fame.
A13: BEHAR + GOLD (the bill) | B13: ='Audience Stats'!K16 -> 1505744 | C13: =B13/'Audience Stats'!$K$5 -> 5.5712996 | D13: =B13/'Audience Stats'!$K$6 -> 4.0783192 | E13: =B13/'Audience Stats'!$K$7 -> 2.3546566 | F13: ='Audience Stats'!I16 -> 400922 | G13: =IF(F13>0,F13/('Audience Stats'!$I$5+'Audience Stats'!$I$6),"") -> 0.067654023 | H13: Combined bill; TV fame + benefit framing carry it beyond these socials.
A14: Jason Choi | B14: ='Audience Stats'!K17 -> 40840 | C14: =B14/'Audience Stats'!$K$5 -> 0.15110927 | D14: =B14/'Audience Stats'!$K$6 -> 0.11061545 | E14: =B14/'Audience Stats'!$K$7 -> 0.063864889 | F14: ='Audience Stats'!I17 -> 4678113 | G14: =IF(F14>0,F14/('Audience Stats'!$I$5+'Audience Stats'!$I$6),"") -> 0.78941331 | H14: Smallest of the set: ~6% of your double's following - yet 4.7M YouTube views from 33 videos (clips far outperform his follower base). Opener-scale name; has opened for Cannon.
A15: YOUR DOUBLE (Sagalow + Cannon) | B15: ='Audience Stats'!$K$7 -> 639475 | E15: 1 | F15: =('Audience Stats'!$I$5+'Audience Stats'!$I$6) -> 5926063 | G15: 1 | H15: Two headliners, two fanbases, one hour each; plus 29.8M documented views of content featuring them (excluded from col F basis).

Sheet Notes & Sources
A1: Notes & sources
A3: Basis | B3: TOTAL following = Instagram + TikTok followers + X + Facebook + YouTube subs + Threads, own accounts only. Side channels excluded everywhere (Bob's Sibling Rivalry 259K subs, Hoffman's Too Far Pod, Sagalow/Cannon's Fart Carnival & Beautiful Boys).
A4: Asymmetries to keep in mind | B4: Threads counts were only findable for Cannon, Alyssa, Bianca, Judy Gold (others blank, not zero). Hoffman's X is dormant with no public count; Lane's X is protected; Feimster's X restarted Mar 2026 (~226K account deleted). Bianca's TikTok is an empty placeholder. Joy Behar has no TikTok/YouTube - TV is her channel. Jason Choi has no X/Threads.
A5: View-count caveat | B5: YouTube views here are own-channel lifetime only. The Sagalow/Cannon 29.8M documented figure includes third-party guest appearances; the equivalent sweep was NOT done for the other acts, so their true featuring-them totals are also higher than shown.
A6: Ticket pricing column | B6: Copied from your notes (Payomet series) verbatim, including your inferences - not re-verified here.
A7: Sources | B7: YouTube: api.socialcounts.org (exact). Instagram: imginn.com live mirrors. X: sotwe.com live mirrors. TikTok/Facebook/Threads: Google search snippets (approx). Pulled 2026-07-19; Sagalow/Cannon 2026-07-18.
A8: Monetization signals | B8: Mint Comedy pricing verified 2026-07-23 at mintcomedy.com: $2/show PPV standard, $5.99/mo membership, livestreams every Thursday from the Comedy Cellar.
